person_id,wiki_id,pages,ref,vol
i-EzhmCmNyKREE4AaqdncvAo,Q1037831,140,http://www.wikidata.org/entity/Q110346241,1
i-HSP9LioPctrDbuGfZ5P4G,Q1039038,340,http://www.wikidata.org/entity/Q110346241,4
i-4p8JokQcmoPFNWL1uSASiw,Q104836509,459,http://www.wikidata.org/entity/Q110346241,1
i-PFAPNmRqeUAaxDzNRTG1x1,Q104839950,388,http://www.wikidata.org/entity/Q110346241,1
i-KUavj3naU1jTnq3RDnaNqe,Q104841633,55,http://www.wikidata.org/entity/Q111443541,2
i-MaRHnNmw2sqAFYBugWDAH2,Q104842860,46,http://www.wikidata.org/entity/Q110346241,3
i-GFvhnYSfU7uMwMyEbzcgSz,Q104845055,69,http://www.wikidata.org/entity/Q110346241,4
i-TuUeRRRStfRtd42Mi2VQ3H,Q104845813,261,http://www.wikidata.org/entity/Q110346241,4
i-Wmqf7ntDge1sjwuTqYDRCN,Q104850932,322,http://www.wikidata.org/entity/Q110346241,4
i-GqLJiLj3ZWmFCVw4KJoTtW,Q104851791,410,http://www.wikidata.org/entity/Q110346241,4
i-ArBoKHFxXfA2rh9Sm2XzUy,Q104864916,421,http://www.wikidata.org/entity/Q110346241,4
i-3eaJwNQpWabbVs3LUTGotQ,Q104869831,370,http://www.wikidata.org/entity/Q110346241,5
i-GGQnyd4FBYAVAPfMuLn9Di,Q104874870,144,http://www.wikidata.org/entity/Q111443541,2
i-CaReJU7GckAgFwH9eRz9J,Q104889258,292,http://www.wikidata.org/entity/Q110346241,3
i-2U4y4kpuQrcdDAWFBSNkPp,Q104889673,277,http://www.wikidata.org/entity/Q110346241,4
i-8ZNJWsBMhAczaaMoTcJqRT,Q104889739,248,http://www.wikidata.org/entity/Q110346241,4
i-CiCVc1arZNK5WGUQmfSttX,Q104904121,412,http://www.wikidata.org/entity/Q110346241,4
i-Bv85PfPyP6Kza9FMou862E,Q104904307,396,http://www.wikidata.org/entity/Q110346241,4
i-QmLKNXtwqmNui98eTHpcAk,Q104919050,268,http://www.wikidata.org/entity/Q110346241,4
i-FCx1vSp3maaCJRjsYNbHqo,Q104919428,422,http://www.wikidata.org/entity/Q110346241,4
i-RgWU8wCMwYhCpZW9xhMn6,Q104922412,428,http://www.wikidata.org/entity/Q111443541,1
i-9kQEhG7b4RhJm3feAQj7DQ,Q104923362,265,http://www.wikidata.org/entity/Q110346241,5
i-WQdu6MraZKg46K4qVrG243,Q105025768,210,http://www.wikidata.org/entity/Q110346241,5
i-Sov3qVGpNxDDTnN6woghFD,Q105044672,74,http://www.wikidata.org/entity/Q110346241,4
i-5Ub3LuYesBZ5wA22h31n8L,Q105044768,510,http://www.wikidata.org/entity/Q110346241,4
i-DALrnQJRfAh9VdHWZSTBni,Q105044852,51,http://www.wikidata.org/entity/Q110346241,5
i-PL9foi7u1XAv2BD9jUwAWg,Q105046913,53,http://www.wikidata.org/entity/Q110346241,3
i-DtUBL4PhS8MGp9QnAiAJc7,Q105046955,432,http://www.wikidata.org/entity/Q110346241,4
i-6nnq6i6hYmHD6etGxdm9Wy,Q105063875,118,http://www.wikidata.org/entity/Q110346241,4
i-C1fZBCKUGy1gZCDs8Cfrc6,Q105065199,207,http://www.wikidata.org/entity/Q110346241,5
i-YWq3i8pzd2ek446XvasGri,Q105067206,95,http://www.wikidata.org/entity/Q110346241,2
i-LvjhuKYbMmHcis45oX7W1G,Q105072927,164,http://www.wikidata.org/entity/Q110346241,4
i-5u9D97HkMoFCMxfWkAsxz3,Q105086267,154,http://www.wikidata.org/entity/Q111443541,2
i-Wt1hk6ZngbTgyJCGcHAvrf,Q105086918,155,http://www.wikidata.org/entity/Q110346241,2
i-7UsBEyMpFeJWgxAYKRQiVz,Q105098800,123,http://www.wikidata.org/entity/Q110346241,3
i-GmVk7Pj9JRW6GYkwiSkryS,Q105104304,228,http://www.wikidata.org/entity/Q110346241,3
i-2VJazsFcETvv2ViUi5KBHJ,Q105105468,238,http://www.wikidata.org/entity/Q110346241,3
i-SzGpydBwUGiTw3GWcPrafZ,Q105162147,365,http://www.wikidata.org/entity/Q110346241,1
i-3DCxazQKgys5aVEbkoNgyR,Q105162968,358,http://www.wikidata.org/entity/Q110346241,5
i-HWWVGZcUSaZGHGdRYcnTju,Q1291317,265,http://www.wikidata.org/entity/Q110346241,2
i-TgKU3mVVQLPLhPjqaqreFk,Q1360952,348,http://www.wikidata.org/entity/Q111443541,2
i-EiDyMSrxvZFP6tHgQcgkmN,Q15956417,152,http://www.wikidata.org/entity/Q110346241,1
i-9ZJEdfip5n7qwmSL2BfYSA,Q16649165,315,http://www.wikidata.org/entity/Q110346241,4
i-2gVYhZWa58g5m2RXWT7M2K,Q19380449,105,http://www.wikidata.org/entity/Q110346241,4
i-BE5heMiSWyuLnMtuoSP5Up,Q23988424,100,http://www.wikidata.org/entity/Q110346241,2
i-Ny7BBxNq5BQZ7g1mbWQpy4,Q24018260,280,http://www.wikidata.org/entity/Q110346241,3
i-PvmRtpcbCFZUzDWPspA4m,Q2575378,189,http://www.wikidata.org/entity/Q110346241,2
i-2ehtmACUZPNJMNnS5o3dYB,Q2944347,415,http://www.wikidata.org/entity/Q110346241,4
i-7b4dYVJhQNDZvhFY8Qawzv,Q30230024,303,http://www.wikidata.org/entity/Q111443541,1
i-Wi7xtB3duZcyBYa4p5mg7Q,Q330545,76,http://www.wikidata.org/entity/Q110346241,1
i-LCcpUNpbfh4oCj9DbmSZS3,Q343674,327,http://www.wikidata.org/entity/Q110346241,1
i-9J6rjw3utcJATqZ2vfEqtx,Q369044,132,http://www.wikidata.org/entity/Q110346241,1
i-JcqbjeL3j68iUaniGTTyRL,Q4069879,261,http://www.wikidata.org/entity/Q110346241,2
i-PtsTMJHPswghTmmMKTnTZb,Q4218935,119,http://www.wikidata.org/entity/Q110346241,1
i-Ua6jBZgmBCS3WRXmBi5hK9,Q432129,142,http://www.wikidata.org/entity/Q110346241,4
i-ApHmSnfxK7X5tAzqwJM3Ve,Q4353611,108,http://www.wikidata.org/entity/Q110346241,1
i-NtZkf2mFJXvC9PJ1aMWzTd,Q4547462,431,http://www.wikidata.org/entity/Q110346241,5
i-Zq5Y9UAAqJMQEuP9CRuss,Q48704901,80,http://www.wikidata.org/entity/Q110346241,3
i-CKE7aDduHCi2h4vSdJ8r3f,Q4993034,241,http://www.wikidata.org/entity/Q110346241,5
i-5qszfgKS7QHsLT7G8hvPkK,Q520594,182,http://www.wikidata.org/entity/Q110346241,3
i-QW5W2LNiETVn7C6pxUPTUU,Q525663,442,http://www.wikidata.org/entity/Q110346241,4
i-DZAnqjUMmj8qFZsvGfjxRv,Q52956,241,http://www.wikidata.org/entity/Q110346241,2
i-DdpGurNSK1gsC7JXZ7kFDP,Q52960,62,http://www.wikidata.org/entity/Q110346241,1
i-FhLSLTTgMvsYGQ25DUwcvz,Q52969,70,http://www.wikidata.org/entity/Q110346241,3
i-ExQ7iYJ23FD6ip4JCvWQQA,Q5541307,419,http://www.wikidata.org/entity/Q110346241,1
i-KZYXbtWhBkb38SRbAoL2Mn,Q5542625,43,http://www.wikidata.org/entity/Q110346241,2
i-NjP1xjERFHKgSe8SCzjx72,Q5542896,379,http://www.wikidata.org/entity/Q110346241,4
i-L9x9NkF1idfQrSZjXw8xc1,Q5544294,183,http://www.wikidata.org/entity/Q110346241,3
i-NYZezSxBgjPTPYNgjDJ97Z,Q5547315,54,http://www.wikidata.org/entity/Q110346241,4
i-wVG4QF5ZkrTTo5uHxD7ED,Q5547641,218,http://www.wikidata.org/entity/Q110346241,1
i-HaF5q92oQDHP1ddwWQQoVv,Q5548121,419,http://www.wikidata.org/entity/Q110346241,1
i-Rhdqesan8FWyp9RChACHAZ,Q5548860,103,http://www.wikidata.org/entity/Q110346241,3
i-3okN64m9y63KYdwdoN53t3,Q5552429,338,http://www.wikidata.org/entity/Q110346241,5
i-FCiENqoUbHX3BSFketWBxb,Q5552491,399,http://www.wikidata.org/entity/Q110346241,5
i-P7LkEj4bM3m8g8mZpPMrRi,Q5553568,420,http://www.wikidata.org/entity/Q110346241,1
i-CTcLzM4zKUFTMMReYZVn2H,Q5553576,298,http://www.wikidata.org/entity/Q110346241,1
i-DgHXCqSBg6qSwLFdwpyqAj,Q5553920,119,http://www.wikidata.org/entity/Q110346241,5
i-KS58so6H4M5bMSPJdwHVFU,Q5553934,202,http://www.wikidata.org/entity/Q110346241,5
i-6b6J34opG3URWRMtHCcLDK,Q5553949,302,http://www.wikidata.org/entity/Q110346241,4
i-8j82sF4GCnjMnUGPxpkSC1,Q5553978,139,http://www.wikidata.org/entity/Q110346241,2
i-B4nc1rYu6gqhHmUqKRJTib,Q5554287,302,http://www.wikidata.org/entity/Q110346241,4
i-YXxhr3tCC3W3FsmnrRDwqv,Q5554629,46,http://www.wikidata.org/entity/Q110346241,2
i-LfLGkLjh2Uo92JoPR3j5qT,Q5554635,202,http://www.wikidata.org/entity/Q110346241,4
i-SpE4p6y5t2Rpicx6uK8qTp,Q5554713,303,http://www.wikidata.org/entity/Q110346241,4
i-AAGtAmKub2DD5pa6CPqaxW,Q5554960,303,http://www.wikidata.org/entity/Q110346241,4
i-EUAjUsDS5Ei6t11ZAdx9dV,Q5554970,303,http://www.wikidata.org/entity/Q110346241,4
i-NUhYXK95cGgsUQKDX1AbRY,Q5554980,57,http://www.wikidata.org/entity/Q110346241,4
i-H4GvhyePmFmPxED8c5StVx,Q5554987,140,http://www.wikidata.org/entity/Q110346241,2
i-Gdqu4mLmf7kpjnNy3obPZy,Q5555069,382,http://www.wikidata.org/entity/Q110346241,2
i-FbsJjajC2NS2vEr6XTq5ft,Q5555267,367,http://www.wikidata.org/entity/Q110346241,2
i-8yrd8fXpNiYeshuJ9CBor8,Q5555276,472,http://www.wikidata.org/entity/Q110346241,4
i-PAHJzN9wsrWwnypt4CGE6R,Q5555287,379,http://www.wikidata.org/entity/Q110346241,4
i-77xsVL4yRqtqFFbpBtKz2Y,Q5555601,104,http://www.wikidata.org/entity/Q110346241,3
i-Q3rwdSjEPs6DvA6k1iNCbk,Q5555795,472,http://www.wikidata.org/entity/Q110346241,4
i-Ckf69izyjKSjoYe237pqQQ,Q5556691,59,http://www.wikidata.org/entity/Q110346241,4
i-R7nr8W1NgHvkYbSoRF5obS,Q5557028,368,http://www.wikidata.org/entity/Q110346241,2
i-GzcgHC81WecVydysZueFQ2,Q5558249,400,http://www.wikidata.org/entity/Q110346241,5
i-TUdAuBRD2QT6aWjwbkNrNd,Q5558321,59,http://www.wikidata.org/entity/Q110346241,4
i-RTJ2sRrztP2XUZ8kQQmGL8,Q5558924,361,http://www.wikidata.org/entity/Q110346241,1
i-D3DqCCyeLe2A7LE3SiSJFk,Q5561342,422,http://www.wikidata.org/entity/Q110346241,1
i-GfysFhkQarNccZNb2V5fjT,Q5563944,190,http://www.wikidata.org/entity/Q110346241,3
i-NqLemoQyCCUKJYxqL8AqiZ,Q5568408,206,http://www.wikidata.org/entity/Q110346241,5
i-JVCxUGEWB3wcv9bUXsEc9E,Q5568965,191,http://www.wikidata.org/entity/Q110346241,3
i-FoWwxKnaSfisnVY2AfH7M5,Q5568976,192,http://www.wikidata.org/entity/Q110346241,3
i-R4o4Concr8HsySCtR8ZFa3,Q5569835,123,http://www.wikidata.org/entity/Q110346241,5
i-43ePM4dk5fFKDKndkNTYar,Q5570504,208,http://www.wikidata.org/entity/Q110346241,4
i-87wR89GbzeMtEXt3vdo2gb,Q5571158,44,http://www.wikidata.org/entity/Q110346241,3
i-GQ1MJ8QjcAJESWYVppCm7s,Q5571405,208,http://www.wikidata.org/entity/Q110346241,4
i-PJwS8PheA9nrAASc36mgK8,Q5571913,207,http://www.wikidata.org/entity/Q110346241,5
i-27GnXLYmnvWWQ74zqN8XG1,Q5572511,123,http://www.wikidata.org/entity/Q110346241,5
i-R3ezo9eNq9173LWfrJPgK8,Q5572576,331,http://www.wikidata.org/entity/Q110346241,2
i-7Mn3sAoq9CusA9q6HjCYdB,Q5572792,404,http://www.wikidata.org/entity/Q110346241,5
i-YMW7m5mLJE5Xc4Y47opTBu,Q5572843,209,http://www.wikidata.org/entity/Q110346241,5
i-RZJXKJgx2MZuWarm2B1ryx,Q5572872,209,http://www.wikidata.org/entity/Q110346241,4
i-AFafkqp43qaf9gEGTZMMhQ,Q5573088,53,http://www.wikidata.org/entity/Q110346241,2
i-AFafkqp43qaf9gEGTZMMhQ,Q5573088,53,http://www.wikidata.org/entity/Q110346241,"Bergstedt i Skrukarp, Carl Fredrik"
i-X2XD7JrVM6rYB4vDf23Zsg,Q5573383,405,http://www.wikidata.org/entity/Q110346241,5
i-NbVtMbT3TLcJhJsLKu8B88,Q5573495,389,http://www.wikidata.org/entity/Q110346241,4
i-S8Uv1f9PBUkSY1GPGsvafE,Q5573548,60,http://www.wikidata.org/entity/Q110346241,1
i-xDu3FkTiXeCQiNXfMUQ3v,Q5573776,194,http://www.wikidata.org/entity/Q110346241,3
i-XFu1gN89bz1x4j7roDrxFs,Q5574112,224,http://www.wikidata.org/entity/Q110346241,1
i-2WwYPDGc9GytdbLU7PEMF8,Q5575098,341,http://www.wikidata.org/entity/Q110346241,5
i-XaiyQJ3qwYoTtdwFETFt9R,Q5576219,63,http://www.wikidata.org/entity/Q110346241,4
i-B2pG9UoeZowv3W1y4urFYy,Q5576225,195,http://www.wikidata.org/entity/Q110346241,3
i-QSYHiJ6G54WwZYYDpVnD4u,Q5577408,54,http://www.wikidata.org/entity/Q110346241,4
i-DBdcSTUVm4sJQbDkngaUb3,Q5577465,64,http://www.wikidata.org/entity/Q110346241,4
i-KtG9MZoKix4XYo4sC4WsUP,Q5577503,210,http://www.wikidata.org/entity/Q110346241,5
i-Uor6aEDsmrKc11vdciV6Xq,Q5577709,308,http://www.wikidata.org/entity/Q110346241,4
i-7K8Y7ew39MFUUo47dmSLSh,Q5578212,63,http://www.wikidata.org/entity/Q110346241,1
i-Pg1UH24brFgKCM8CVnjJ3T,Q5578369,263,http://www.wikidata.org/entity/Q111443541,2
i-NRL4ihTDbU85MZraYMoTJm,Q5579445,211,http://www.wikidata.org/entity/Q110346241,5
i-P9nLyGFtHFbJgFc7FvCGrD,Q5581167,302,http://www.wikidata.org/entity/Q110346241,1
i-WNhQVQrarTs8MLGmvRT2Gn,Q5581563,226,http://www.wikidata.org/entity/Q111443541,1
i-UeJRNggJuEPWXugGprtkrP,Q5581616,264,http://www.wikidata.org/entity/Q110346241,2
i-QCgdixScKoSHeN5oNtiVxs,Q5582374,226,http://www.wikidata.org/entity/Q111443541,1
i-Eh28M5AZY2tWhNydPzRYf3,Q5583240,211,http://www.wikidata.org/entity/Q110346241,5
i-CwvK3x6KLx1cCJkKX96jJz,Q5583930,426,http://www.wikidata.org/entity/Q110346241,1
i-PBEJiCDqE8eh8P4Tgw8kNj,Q5585253,476,http://www.wikidata.org/entity/Q110346241,4
i-H5pycNj6wdy4bmLN7bUSfN,Q5585291,67,http://www.wikidata.org/entity/Q110346241,4
i-KEtRFqLE6GYv678YXVhKHr,Q5585390,310,http://www.wikidata.org/entity/Q110346241,4
i-EirzkhdwfUoMhiGdb6EdVa,Q5587013,311,http://www.wikidata.org/entity/Q110346241,4
i-BNopNRTJ6yxtE9N9JcRvtW,Q5587179,125,http://www.wikidata.org/entity/Q110346241,5
i-ARhFvspt3bc1nQS2KaREWV,Q5587193,311,http://www.wikidata.org/entity/Q110346241,4
i-RBYWqRkwcPtB9EqGt2HLkT,Q5588185,373,http://www.wikidata.org/entity/Q111443541,2
i-77mVkUgB6xQBVi4V7iLMe1,Q5588217,125,http://www.wikidata.org/entity/Q110346241,5
i-A8WzRmo8WwUKmVmAJX9cLc,Q5590169,56,http://www.wikidata.org/entity/Q111443541,2
i-WmTdAfV5HETvBJeXjPDkNq,Q5590200,477,http://www.wikidata.org/entity/Q110346241,4
i-Hj6mnAJTAmcqcCP3XSg2aA,Q5590424,212,http://www.wikidata.org/entity/Q110346241,5
i-MbYpLQfZtjn59wD9ia9qcL,Q5590427,408,http://www.wikidata.org/entity/Q110346241,5
i-PGGMhPVMnCH1MzSykNcAdQ,Q5590456,408,http://www.wikidata.org/entity/Q110346241,5
i-UEXiHG8yJw3xSwZJj9nrYw,Q5591595,364,http://www.wikidata.org/entity/Q111443541,1
i-PtFxkgp9UjThfCPgSkCSAR,Q5591891,447,http://www.wikidata.org/entity/Q110346241,4
i-RULRtbbfsrJBLYbatB6uqb,Q5594777,291,http://www.wikidata.org/entity/Q110346241,5
i-YKQ5ERUU94HdZVi11u4aDe,Q5596510,193,http://www.wikidata.org/entity/Q110346241,3
i-5Kw1QnMW7yfqbQdJjE1W1v,Q5596693,306,http://www.wikidata.org/entity/Q110346241,4
i-JQ3iHhsjVjcREq7gga63xL,Q5598486,110,http://www.wikidata.org/entity/Q110346241,3
i-TeDJE4iwbmVwANHpPtKXj6,Q5602525,70,http://www.wikidata.org/entity/Q110346241,4
i-6UTTeQdQrShANoTU16LaF3,Q5602669,111,http://www.wikidata.org/entity/Q110346241,3
i-Hk1GSUNr6iteSnX2ZuamZc,Q5603032,427,http://www.wikidata.org/entity/Q110346241,1
i-LuXD6bo7y9QvBg7xBKqETi,Q5603036,266,http://www.wikidata.org/entity/Q111443541,2
i-QWdnUEcGZTAPWcxPQaCnvn,Q5604477,267,http://www.wikidata.org/entity/Q110346241,2
i-YKF7QB8yGW7P6RHvdY3Qh2,Q5604537,478,http://www.wikidata.org/entity/Q110346241,4
i-WLyjFkwtat9HqVwhy6nBup,Q5605319,213,http://www.wikidata.org/entity/Q110346241,5
i-GoKZKTaCo6ooDaTyvNqahT,Q5605687,229,http://www.wikidata.org/entity/Q111443541,1
i-51TqsDXTPdgmp2Gv4hRTz4,Q5607471,215,http://www.wikidata.org/entity/Q110346241,4
i-UknG16aY6qkkjCqmhYdq9j,Q5612981,334,http://www.wikidata.org/entity/Q110346241,2
i-EjP2hRU7XWTbJVpFzgutfx,Q5613442,313,http://www.wikidata.org/entity/Q110346241,4
i-SzgTuuF6xsP3YYFjuHyjQ1,Q5613446,394,http://www.wikidata.org/entity/Q110346241,4
i-8BE1LLKcA4iJMrUNYQhnfM,Q5614019,375,http://www.wikidata.org/entity/Q110346241,2
i-MnTABRMH2GM4zTkF4PLkTf,Q5615454,395,http://www.wikidata.org/entity/Q110346241,4
i-F2ZGUJuWW6iUhgwMRj9q9y,Q5615490,216,http://www.wikidata.org/entity/Q110346241,4
i-VNhc7kVJhkCWCAK5XCdbTH,Q5616503,57,http://www.wikidata.org/entity/Q110346241,2
i-UysbHxCMeJV8ddBUKdgBwY,Q5618642,304,http://www.wikidata.org/entity/Q111443541,1
i-VnDXyA557kw3R1BEywHbjw,Q5618683,217,http://www.wikidata.org/entity/Q110346241,4
i-HkFSU3qgD4WDnG8LWPTtL1,Q5618783,114,http://www.wikidata.org/entity/Q110346241,3
i-PJBeSTQ9w73bwwYatiTwYp,Q5618788,114,http://www.wikidata.org/entity/Q110346241,3
i-TUcdPVCwA1wo5kK1FA9kqs,Q5621587,58,http://www.wikidata.org/entity/Q111443541,2
i-VC8M4GnTVfdRYSmtWPgcTd,Q5623312,213,http://www.wikidata.org/entity/Q110346241,5
i-6svbzCWXT4opXE5mCCPvkC,Q5627420,347,http://www.wikidata.org/entity/Q110346241,5
i-JbpZD6UR473GqjQRkeachX,Q5627432,478,http://www.wikidata.org/entity/Q110346241,4
i-81poFV7Wk8CN5TX1Wqm1gn,Q5628126,115,http://www.wikidata.org/entity/Q110346241,3
i-Pd4h8w97V3gTekGxSvebsQ,Q5628172,376,http://www.wikidata.org/entity/Q111443541,2
i-NaFhWaiMc52HPNdwF2XNnq,Q5629773,147,http://www.wikidata.org/entity/Q110346241,2
i-8xx95YKLjMC83YPJobGgTT,Q5629777,147,http://www.wikidata.org/entity/Q110346241,2
i-XTQdTTGwiQ9iKGjbQTfGYs,Q5629781,49,http://www.wikidata.org/entity/Q110346241,3
i-65rmwEXkkhA1kxSrD4oMUw,Q5630560,396,http://www.wikidata.org/entity/Q110346241,4
i-AmKppgrWPnLHER7xpP5Nar,Q5630690,79,http://www.wikidata.org/entity/Q110346241,4
i-SfLBYFycLvbfGx9i7chta5,Q5700991,74,http://www.wikidata.org/entity/Q110346241,4
i-2P8oL3AnBaUaam6G5cEkGw,Q5707382,79,http://www.wikidata.org/entity/Q110346241,4
i-PJvtkp2sUpKcdntrpjXwkE,Q5707498,148,http://www.wikidata.org/entity/Q110346241,2
i-EwMNfGWXSptE1i89f5to9e,Q5709446,78,http://www.wikidata.org/entity/Q110346241,1
i-H5w8iePXvnS6ELkjZJEWWQ,Q5711044,220,http://www.wikidata.org/entity/Q110346241,4
i-NnhYYoKk46XpcaL5skjzn9,Q5711531,118,http://www.wikidata.org/entity/Q110346241,3
i-7LiCmByQJSTk3ESw7CzerA,Q5715109,57,http://www.wikidata.org/entity/Q110346241,5
i-CwngYEDknGjbWVod4ccLBb,Q5715212,150,http://www.wikidata.org/entity/Q110346241,2
i-EZCiCL8zUah6zwB7Fi8kr3,Q5715226,481,http://www.wikidata.org/entity/Q110346241,4
i-TDcqGyzXni7Trv4F5XQtYf,Q5716309,398,http://www.wikidata.org/entity/Q110346241,4
i-W4CJfxFbP1nx9SYGRsnVHQ,Q5717143,296,http://www.wikidata.org/entity/Q110346241,5
i-HMKGf5h5zmx86ZzMrqUVof,Q5718504,367,http://www.wikidata.org/entity/Q110346241,1
i-LV9xnaSRGaErSW6nmQsQtX,Q5719647,82,http://www.wikidata.org/entity/Q110346241,4
i-BRuzd8mx5ZrcGFkpRPTNji,Q5719666,316,http://www.wikidata.org/entity/Q110346241,4
i-MujG24Zxtbj8WjsRLpNCE2,Q5721343,224,http://www.wikidata.org/entity/Q110346241,4
i-SGnYRjoHv9HP8rcbBo83EG,Q5721383,482,http://www.wikidata.org/entity/Q110346241,4
i-5VmM3A6gSWvKTiRoizdFQ1,Q5722752,272,http://www.wikidata.org/entity/Q110346241,2
i-69km2pwLBJWrtyvRcuiS3b,Q5723194,219,http://www.wikidata.org/entity/Q110346241,5
i-VH9wUBG7bNFMcYkdAPTofa,Q5724137,400,http://www.wikidata.org/entity/Q110346241,4
i-SuRNGcRwvJ2XwdRi9n3doA,Q5724289,401,http://www.wikidata.org/entity/Q110346241,4
i-DPSKuUhxasojZBK6nSTaFW,Q5724508,66,http://www.wikidata.org/entity/Q111443541,2
i-8hWjRvrqaLmhnrLHobBLNN,Q5724602,211,http://www.wikidata.org/entity/Q110346241,3
i-71vobmtRM8VayAVJKWNYrF,Q5726510,152,http://www.wikidata.org/entity/Q110346241,2
i-R4n8T37WGG9UtPzmSYDQ4W,Q5731455,84,http://www.wikidata.org/entity/Q110346241,1
i-Jrqp3xhubpckqh6NNnYVm4,Q5732950,273,http://www.wikidata.org/entity/Q110346241,2
i-F8PYYMApcYdswb4AWjZyqf,Q5733305,212,http://www.wikidata.org/entity/Q110346241,3
i-NW9amfhpK6mEn3WxKi9YQ9,Q5734641,85,http://www.wikidata.org/entity/Q110346241,1
i-FYQMv7Nmr5BzKpTjd9ia9j,Q5734660,316,http://www.wikidata.org/entity/Q110346241,4
i-vv3qi37uGEV4YUv1xZ3Zk,Q5734900,317,http://www.wikidata.org/entity/Q110346241,4
i-3tSjG8xn8oFwrNxgnNCH2t,Q5734929,133,http://www.wikidata.org/entity/Q110346241,5
i-2qpXYDWyLKFhrmxJnaW7rv,Q5736964,483,http://www.wikidata.org/entity/Q110346241,4
i-E8TiwWqfaYd3F9AxYvGujx,Q5737042,224,http://www.wikidata.org/entity/Q110346241,4
i-W7JM8gbjzRQWRr4GLmb3UY,Q5737817,87,http://www.wikidata.org/entity/Q110346241,1
i-CeGvv2Aweq3Yr9kqppiSub,Q5743497,51,http://www.wikidata.org/entity/Q110346241,3
i-Csc7yC4r8hvm8juPSLyuDt,Q5745045,134,http://www.wikidata.org/entity/Q110346241,5
i-9fnjME1eW8K8kyikqsAoDW,Q5746604,62,http://www.wikidata.org/entity/Q110346241,5
i-UorJwn2scwABTf47APC1S2,Q5747245,69,http://www.wikidata.org/entity/Q110346241,2
i-9SHnAjHpLBQfhwqrNpggaV,Q5748259,84,http://www.wikidata.org/entity/Q110346241,4
i-KwHwxj5zEpDUoZ2yNLrmX8,Q5749448,62,http://www.wikidata.org/entity/Q110346241,5
i-AuvNgvupyypcCHtg3MDctG,Q5752978,52,http://www.wikidata.org/entity/Q110346241,3
i-EjrwczzWeDXdSPXT5TLk7s,Q5753625,221,http://www.wikidata.org/entity/Q110346241,5
i-7b7kby5VttiCieta1L2BuF,Q5754375,153,http://www.wikidata.org/entity/Q110346241,2
i-TWpuz5Z8AYuiMvzxvaKbWd,Q5754601,403,http://www.wikidata.org/entity/Q110346241,4
i-3ykbHssXLi4NNLwsnFwbvc,Q5754690,225,http://www.wikidata.org/entity/Q110346241,4
i-Nr9KDuEPfWTuJ73jyaxaJy,Q5754722,213,http://www.wikidata.org/entity/Q110346241,3
i-XMfjFNP4aSnrmwXadviHbG,Q5754752,319,http://www.wikidata.org/entity/Q110346241,4
i-HTMwcqp6N89VZX6J54ZQRi,Q5760576,484,http://www.wikidata.org/entity/Q110346241,4
i-3RKCrkKntDoTBLCqiaT4UX,Q5760652,52,http://www.wikidata.org/entity/Q110346241,3
i-PsuwYwD9qsG7pUKuZV3Dmx,Q5767122,348,http://www.wikidata.org/entity/Q110346241,5
i-3WPAoJ5CXMR9smqz76LSLc,Q5768483,154,http://www.wikidata.org/entity/Q110346241,2
i-NZuEyns3RhUEdS4Z93nD6B,Q5768895,414,http://www.wikidata.org/entity/Q110346241,5
i-3hsNT67j3mhgNmNX5hg5tR,Q5768918,414,http://www.wikidata.org/entity/Q110346241,5
i-VH2by7UursuDS17S9AebiZ,Q5770994,320,http://www.wikidata.org/entity/Q110346241,4
i-TXgjPkpyG5XW2kxCc1jF94,Q5771035,298,http://www.wikidata.org/entity/Q110346241,5
i-2x28CSiBB3LbhjSkT1J5Jb,Q5771737,484,http://www.wikidata.org/entity/Q110346241,4
i-SkzLVUHgWJtmJHnJRa4rH1,Q5776536,485,http://www.wikidata.org/entity/Q110346241,4
i-KDqwZhktG4Xjq6E8jPHvbX,Q5779398,121,http://www.wikidata.org/entity/Q110346241,3
i-22EGSH6WucdXDkn19Wz7Mu,Q5779404,337,http://www.wikidata.org/entity/Q111443541,2
i-22EGSH6WucdXDkn19Wz7Mu,Q5779404,404,http://www.wikidata.org/entity/Q110346241,4
i-AvGpsGJvs5PXTcEG4DtbFt,Q5779439,211,http://www.wikidata.org/entity/Q110346241,3
i-7APUEDdtwmAmmVwZyzCQPJ,Q5779563,87,http://www.wikidata.org/entity/Q110346241,4
i-LwdNyMrdw4ZSw5qSgwNVRn,Q5782356,96,http://www.wikidata.org/entity/Q110346241,1
i-F1dpMef5QiAAg6QLm3tfpo,Q5784822,370,http://www.wikidata.org/entity/Q110346241,1
i-CnoiM39VKopDWcuG7JuGp7,Q5784931,228,http://www.wikidata.org/entity/Q110346241,4
i-9XHDwtcK1WinGBgwCyQx4G,Q5784939,65,http://www.wikidata.org/entity/Q110346241,5
i-RUBGDTWLpDv7SjmvNfvf2n,Q5785596,223,http://www.wikidata.org/entity/Q110346241,5
i-4mrg1QMgWqyV1QUWeh9cap,Q5786064,322,http://www.wikidata.org/entity/Q110346241,4
i-EjEKL9dmFcrekuggyNiCSZ,Q5786123,487,http://www.wikidata.org/entity/Q110346241,4
i-KF71L4Ta19mdHRVmCFfDpm,Q5786136,488,http://www.wikidata.org/entity/Q110346241,4
i-Gb8kB2nAYEFskTfNSvnHpA,Q5786502,380,http://www.wikidata.org/entity/Q111443541,2
i-UM8fdU1UJVJ23DcbWqVD9z,Q5786712,405,http://www.wikidata.org/entity/Q110346241,4
i-RBwA6WtbjeTp4EH9rQG3me,Q5786847,310,http://www.wikidata.org/entity/Q110346241,1
i-JVJ2P4YwEvknLiK4HVpmhN,Q5789203,223,http://www.wikidata.org/entity/Q110346241,5
i-SrGKYCGrj78BberAVVVxbt,Q5789472,216,http://www.wikidata.org/entity/Q110346241,3
i-9wV4fcZuqie3Ynp8i4E2mo,Q5789545,380,http://www.wikidata.org/entity/Q110346241,2
i-MF5ApWTy8CpBuGJ4boiMNA,Q5792794,278,http://www.wikidata.org/entity/Q110346241,2
i-PffH64xVpJgNXHH6FhyRrj,Q5792849,231,http://www.wikidata.org/entity/Q110346241,4
i-JeT3TNn3qpHKFMTCG5Kv5M,Q5794206,157,http://www.wikidata.org/entity/Q110346241,2
i-UMAUxXB5h12rzDJduJ9eMT,Q5794559,351,http://www.wikidata.org/entity/Q110346241,5
i-34rT6BP1drc785SNXKKW3g,Q5797559,490,http://www.wikidata.org/entity/Q110346241,4
i-SypgN7C1SdELHJYN5APLye,Q5798361,372,http://www.wikidata.org/entity/Q110346241,1
i-DqaQcqe1tEL9ujA64kcwV7,Q5799181,54,http://www.wikidata.org/entity/Q110346241,3
i-NkimLMCqoAFthHer3924Cr,Q5801387,382,http://www.wikidata.org/entity/Q110346241,2
i-T33Na3brmtboXa1NjvckiT,Q5801406,95,http://www.wikidata.org/entity/Q110346241,4
i-M87tPv4oBZ1v745fULLazy,Q5802252,407,http://www.wikidata.org/entity/Q110346241,4
i-JHpaqU2z8URQR83kWF8zv4,Q5802585,159,http://www.wikidata.org/entity/Q111443541,2
i-8Vbj5BakGvEscM511biBt4,Q5804073,233,http://www.wikidata.org/entity/Q110346241,4
i-Rt2cYa1PGpEsyrfBsgSNgR,Q5805039,240,http://www.wikidata.org/entity/Q110346241,1
i-NLuwH3Vu8NmvN7zw5NReuH,Q5805045,324,http://www.wikidata.org/entity/Q110346241,4
i-6VhoHXmoZtB1W9iVJzu7SC,Q5809268,325,http://www.wikidata.org/entity/Q110346241,4
i-SHW87cHVMCQaaznoE9ZBmu,Q5809276,490,http://www.wikidata.org/entity/Q110346241,4
i-2aLsMrZn1hqtCu1i2qehWZ,Q5810003,234,http://www.wikidata.org/entity/Q110346241,4
i-DNH2CPqEwAU8mq3JqcTNrc,Q5810812,214,http://www.wikidata.org/entity/Q111443541,2
i-MorbQLKLhBTgGvcS8hZ3kz,Q5811880,220,http://www.wikidata.org/entity/Q110346241,3
i-L1NSsf1GiTyxTmkwUCJpg8,Q5813816,339,http://www.wikidata.org/entity/Q110346241,2
i-VQEX6omQ2GJGHZjMBB2ywk,Q5816232,354,http://www.wikidata.org/entity/Q110346241,5
i-5p2ybbmS6YsadBtbXKCQz7,Q5816429,68,http://www.wikidata.org/entity/Q110346241,5
i-GGVHkL3axiWQcAg4pCpnM6,Q5816998,215,http://www.wikidata.org/entity/Q111443541,2
i-4KH7JrCsnZWys2GU5HuaYN,Q5817939,228,http://www.wikidata.org/entity/Q110346241,5
i-XjeBveco6xeCaeLB8tb5Mm,Q5818643,355,http://www.wikidata.org/entity/Q110346241,5
i-35UuBmVbY5NHVF9pkhut8B,Q5818682,98,http://www.wikidata.org/entity/Q110346241,4
i-WPYsj5FcCBkGfYE9xtHntv,Q5819094,136,http://www.wikidata.org/entity/Q110346241,5
i-SB9cdcgLsar9irxESH8KN5,Q5819424,355,http://www.wikidata.org/entity/Q110346241,5
i-NsteJNfJARKTSeyWkx5a3f,Q5820888,222,http://www.wikidata.org/entity/Q110346241,3
i-7JYAVk7sXiL1NiWBEfZYhv,Q5824491,241,http://www.wikidata.org/entity/Q110346241,1
i-3gRVUXbA8TTPGC6gXwtZPB,Q5826241,231,http://www.wikidata.org/entity/Q110346241,5
i-8HQWSdZzxcdKYvCum8MMJg,Q5853898,208,http://www.wikidata.org/entity/Q110346241,2
i-MzquDGFguVZAxA6qfXNJcc,Q5854947,335,http://www.wikidata.org/entity/Q110346241,2
i-3HJF6zzUs5UZcMmqFhWRsY,Q5877107,228,http://www.wikidata.org/entity/Q110346241,5
i-JoizCydABXkfAWV3ZbjCyU,Q5879652,237,http://www.wikidata.org/entity/Q110346241,4
i-FyQvnzPg7M8nwrDTgLDVwB,Q5881042,281,http://www.wikidata.org/entity/Q110346241,2
i-6t6fBsnSLDDYheGU7oMCgF,Q5881301,160,http://www.wikidata.org/entity/Q111443541,2
i-BQSn1kKDYkBawniKGBqERh,Q5882474,125,http://www.wikidata.org/entity/Q110346241,3
i-E9wRrmWzHKZve8zXnpQf1w,Q5885281,161,http://www.wikidata.org/entity/Q110346241,2
i-DeKzv6NmJK9sL4zKkMd4cA,Q5885438,283,http://www.wikidata.org/entity/Q110346241,2
i-YZTaRssCcxtXi1ik1a2svZ,Q5891720,144,http://www.wikidata.org/entity/Q110346241,5
i-XKHbL4bkXwE12WE1BHAVR5,Q5891733,144,http://www.wikidata.org/entity/Q110346241,5
i-CefVg4hZQCLumkjC463hGu,Q5893034,317,http://www.wikidata.org/entity/Q111443541,1
i-PC4oT2tyKyYJuQaJQzYYce,Q5895729,242,http://www.wikidata.org/entity/Q110346241,4
i-BtvLLTdEWsPLoULTnmNQvo,Q5896085,331,http://www.wikidata.org/entity/Q110346241,4
i-2sXH8re5NKjPFTXLjjke7b,Q5897523,287,http://www.wikidata.org/entity/Q111443541,2
i-KX9uEBAiFPuwdcB3B9ZMy4,Q5901347,441,http://www.wikidata.org/entity/Q110346241,1
i-KvvSUXpQB6XXAvDKS5scf5,Q5910313,121,http://www.wikidata.org/entity/Q110346241,1
i-RuUYnTisfnXPDL3JaSvEKP,Q5912185,84,http://www.wikidata.org/entity/Q111443541,2
i-S4kasToGSRSM127wSwwPYq,Q5912318,219,http://www.wikidata.org/entity/Q110346241,2
i-Akp6TAGeiXLBcodZf8itDp,Q5914280,85,http://www.wikidata.org/entity/Q110346241,2
i-Vmzwz2CeXhKe21YDqhMFjV,Q5916422,106,http://www.wikidata.org/entity/Q110346241,4
i-MUyEorK3Jrs76puMnBfwJQ,Q5916602,60,http://www.wikidata.org/entity/Q110346241,3
i-KMNhDimDdFZa9YsdoMSHgX,Q5916741,227,http://www.wikidata.org/entity/Q110346241,3
i-RFayvidMxuNczAd1Kjormd,Q5919954,219,http://www.wikidata.org/entity/Q110346241,2
i-GH7iZ7NVaSqEDS8WQo1j8G,Q5920197,219,http://www.wikidata.org/entity/Q111443541,2
i-Px3WVL6zJREJFG8V5EGa8e,Q5923879,228,http://www.wikidata.org/entity/Q110346241,3
i-DszPJjXoFJthb83JZ9Pvm1,Q5924572,228,http://www.wikidata.org/entity/Q110346241,3
i-WRRY32ow2FiKqYAoHEc5z9,Q5927249,333,http://www.wikidata.org/entity/Q110346241,4
i-RzMePJ7im9XryX65TWnSqx,Q5930787,109,http://www.wikidata.org/entity/Q110346241,4
i-SFcDzAQUiJhV8iyT7ZES7X,Q5930794,245,http://www.wikidata.org/entity/Q110346241,4
i-HiLh4CgUmPaDRYddeo7w7X,Q5930999,303,http://www.wikidata.org/entity/Q110346241,5
i-PDTzFYBnpYVceoHa4kDdpX,Q5931113,86,http://www.wikidata.org/entity/Q110346241,2
i-A7oyGrcQCHCGYURTKKXFvN,Q5931206,340,http://www.wikidata.org/entity/Q110346241,2
i-drdSNFcqKvXbTQFJGErbQ,Q5933728,147,http://www.wikidata.org/entity/Q110346241,5
i-SScdx6kmSkDb5sMoK5F2We,Q5934034,246,http://www.wikidata.org/entity/Q110346241,4
i-MdgDbxaSHzSMQQ8AAVHEhD,Q5936778,246,http://www.wikidata.org/entity/Q110346241,4
i-L8u3czfEt1XHP3agqejpkA,Q5937144,247,http://www.wikidata.org/entity/Q110346241,4
i-JB6ngC1UAgsDsNHH6ZY1xE,Q5937483,246,http://www.wikidata.org/entity/Q110346241,1
i-3oxHos89DLWxgit8emnuRm,Q5937584,5,http://www.wikidata.org/entity/Q110346241,148
i-XxqByKdzBzhYNpGXoPLHa7,Q5937861,416,http://www.wikidata.org/entity/Q110346241,4
i-LqAFEW7ec8s3xEM1Kstnpx,Q5938418,305,http://www.wikidata.org/entity/Q110346241,5
i-T46we9HrmDZ6vgL7r3swGe,Q5940236,418,http://www.wikidata.org/entity/Q110346241,4
i-K6AmZyQ7Y6qqLisLLmRzcK,Q5940973,73,http://www.wikidata.org/entity/Q110346241,5
i-RQzn6FfBYeU4hCsGESYeBd,Q5943976,111,http://www.wikidata.org/entity/Q110346241,4
i-4Uo4EryWTQxf3KXJ14sWmy,Q5944901,74,http://www.wikidata.org/entity/Q110346241,5
i-Piwy72vNJY53yvWCV58pCX,Q5944910,341,http://www.wikidata.org/entity/Q110346241,2
i-ToAVEvauML3yGimoMtwivk,Q5944957,112,http://www.wikidata.org/entity/Q110346241,4
i-SfiURaPHeMX8krVz378cGg,Q5945036,130,http://www.wikidata.org/entity/Q110346241,1
i-Hb3eRR7Db6btbbXkWs3WtJ,Q5945889,167,http://www.wikidata.org/entity/Q111443541,2
i-PqmcVRtJmAcDnyfsoss1EQ,Q5946416,90,http://www.wikidata.org/entity/Q111443541,2
i-QBjkRXffo6FL6g3xjwpmTy,Q5948996,74,http://www.wikidata.org/entity/Q110346241,5
i-VQhNrVCrzk1PveUhY2rpJZ,Q5949042,380,http://www.wikidata.org/entity/Q110346241,1
i-R4ENMwmvNi5BfMc91wD7R2,Q5949145,250,http://www.wikidata.org/entity/Q110346241,4
i-NqsVYK7WE522ZKgDBho7e1,Q5949534,418,http://www.wikidata.org/entity/Q110346241,4
i-HNH9ngQnSgt5v7CjTBvhTP,Q5951895,418,http://www.wikidata.org/entity/Q110346241,4
i-6VvDD13ReiCtCHmeG9MmeP,Q5952182,250,http://www.wikidata.org/entity/Q110346241,4
i-4dpPiR5vPaudMdw81CyiYW,Q5953262,64,http://www.wikidata.org/entity/Q110346241,3
i-43j43LtAQNKia3Gu9XBB4R,Q5953741,442,http://www.wikidata.org/entity/Q111443541,1
i-7f8sxDeLWjdsC2LNnCjUUf,Q5954075,131,http://www.wikidata.org/entity/Q111443541,1
i-9NFp9L9xoNGpV3XBh2fHox,Q5954854,250,http://www.wikidata.org/entity/Q110346241,4
i-Gp9nQSiXNrc7A3997smM82,Q5955357,443,http://www.wikidata.org/entity/Q110346241,1
i-HEaiAtuCoZP4zvRQQyuhM7,Q5955465,132,http://www.wikidata.org/entity/Q110346241,1
i-XA2tyHZmBsTnGazY5vZdDM,Q5955732,319,http://www.wikidata.org/entity/Q110346241,1
i-Xsbbf81LQtJ9pGyMEcsq1p,Q5956075,290,http://www.wikidata.org/entity/Q111443541,2
i-JJKjFJT5rvpHsRCzaNcjfQ,Q5958215,249,http://www.wikidata.org/entity/Q111443541,1
i-qevuZtMda2tzp6ug1HfJt,Q5959401,117,http://www.wikidata.org/entity/Q110346241,4
i-T7LZjxwtDMK7XwZHieRaQ1,Q5960306,336,http://www.wikidata.org/entity/Q110346241,4
i-TdDp8Rr8zkiE5zKKR8Ty37,Q5961188,290,http://www.wikidata.org/entity/Q111443541,2
i-DnBfdRUButhiwSk9JDWDo1,Q5961209,291,http://www.wikidata.org/entity/Q110346241,2
i-Bnz3CtyDuUKaUuyY26aPwP,Q5964342,139,http://www.wikidata.org/entity/Q110346241,1
i-JsMGgKRdiocBvci9MYAm2D,Q5965896,363,http://www.wikidata.org/entity/Q110346241,5
i-PJKBXfXpHaDpDM6hf92QnW,Q5965982,391,http://www.wikidata.org/entity/Q110346241,2
i-5Sm9KsTL7p2KPtJAui3Tdw,Q5966083,382,http://www.wikidata.org/entity/Q110346241,1
i-6K2jfM5okQVrDKwTTmVJmE,Q5966438,119,http://www.wikidata.org/entity/Q110346241,4
i-6QDkBniWn1m3pQEsyzfMZn,Q5967563,338,http://www.wikidata.org/entity/Q110346241,4
i-4FaitWidE8GcDx6wUn2oTX,Q5967728,426,http://www.wikidata.org/entity/Q110346241,5
i-XbCfjEe1cVnqY8xTgupHmE,Q5967755,420,http://www.wikidata.org/entity/Q110346241,4
i-AyQ5VXLb2o7kpqffdoV4Wu,Q5969231,255,http://www.wikidata.org/entity/Q110346241,4
i-LxPwCt4XLu9mfK6uoas4iP,Q5969355,323,http://www.wikidata.org/entity/Q110346241,1
i-PL6DQFxiGGxEadNJfLPFxL,Q5969775,92,http://www.wikidata.org/entity/Q110346241,2
i-RdYE6KVYFYvYSD6eDEHsCg,Q5971704,223,http://www.wikidata.org/entity/Q111443541,2
i-M7fdd5LkDobtPBqGTJagqd,Q5972170,339,http://www.wikidata.org/entity/Q110346241,4
i-CMr6GHE5oX3sRg9ewp17rH,Q5972541,241,http://www.wikidata.org/entity/Q110346241,5
i-3EUWtiFaSbYYtaTDEAR9RS,Q5973654,241,http://www.wikidata.org/entity/Q110346241,5
i-RUdnmiAnhtuNBEkxXKeuGG,Q5974194,294,http://www.wikidata.org/entity/Q110346241,2
i-KS3F2HNRmD11zWjPtWJm9w,Q5974292,294,http://www.wikidata.org/entity/Q110346241,2
i-FvwiuqhHW4fmCrwxpGsft7,Q5976011,124,http://www.wikidata.org/entity/Q110346241,4
i-RSgoTUSmydhKfi8JD88Jsj,Q5976073,270,http://www.wikidata.org/entity/Q111443541,2
i-6KN8cphxMAw2x3hKhGmKrb,Q5976081,270,http://www.wikidata.org/entity/Q110346241,2
i-U3HsRyfngh8oXY3i9QSaL5,Q5977028,365,http://www.wikidata.org/entity/Q110346241,5
i-3QwyfkM9UveqvAVHUKwzFh,Q5977718,253,http://www.wikidata.org/entity/Q110346241,1
i-5ESpPxDNhscpjarVvwDtdm,Q5977741,323,http://www.wikidata.org/entity/Q110346241,1
i-KqJwAKB9Zu7Did2m3WE6Xq,Q5978004,254,http://www.wikidata.org/entity/Q110346241,1
i-627bzx6c3TaRC4yY9iGY37,Q5978032,422,http://www.wikidata.org/entity/Q110346241,4
i-44X8VeAkfjoQrkDMyn88kQ,Q5983292,134,http://www.wikidata.org/entity/Q110346241,3
i-6XRq5NMShPXgkNELyP1nWR,Q5983491,171,http://www.wikidata.org/entity/Q110346241,2
i-TXCGsP5J8DXNwzQrSLDjG,Q5985662,65,http://www.wikidata.org/entity/Q110346241,3
i-TzfMXAqa83AtmHgTB5ceQm,Q5996870,135,http://www.wikidata.org/entity/Q110346241,3
i-LEeKwsd6tsbERNPaLNN137,Q5997281,226,http://www.wikidata.org/entity/Q110346241,2
i-VdgjoEzDAA31nRqoPx884B,Q5999756,424,http://www.wikidata.org/entity/Q110346241,4
i-NL7diR4akXo8kPQqH1AYXQ,Q5999833,421,http://www.wikidata.org/entity/Q110346241,4
i-Wt96TFts1HXNfSeEZUmzN1,Q5999840,292,http://www.wikidata.org/entity/Q110346241,2
i-BwY2whLwKe1V2Hwha5xS55,Q6000258,66,http://www.wikidata.org/entity/Q110346241,3
i-XUtcA2AURHDtART3wk1Nx9,Q6001218,393,http://www.wikidata.org/entity/Q110346241,2
i-Gfg9k3ZcPGNY4ee6zKKXZz,Q6001655,92,http://www.wikidata.org/entity/Q110346241,2
i-Td2yJfZ5Qefi6A4TjBimJr,Q6001723,365,http://www.wikidata.org/entity/Q110346241,5
i-CrsQWgsxp8ZpRgZJubT4Xn,Q6004675,127,http://www.wikidata.org/entity/Q110346241,4
i-5wjtf1KoHSLyxqEjVVvxba,Q6009585,244,http://www.wikidata.org/entity/Q110346241,3
i-LHHf5Dcp9FaiuqPLG8CnM1,Q6010760,138,http://www.wikidata.org/entity/Q110346241,3
i-C8hXep4VfcFmj8MnNnxvJ6,Q6011317,247,http://www.wikidata.org/entity/Q110346241,3
i-9dSPCGCoE69Vw6g6QAmPNz,Q6011398,67,http://www.wikidata.org/entity/Q110346241,3
i-PJmVtwGprmr9bqrPcQP73J,Q6011403,139,http://www.wikidata.org/entity/Q110346241,3
i-AYNGXU3H8K1ywAMiw61q9Y,Q6011634,141,http://www.wikidata.org/entity/Q110346241,3
i-NTF6kePtiqx4iiQCnQQ4Xe,Q6012762,80,http://www.wikidata.org/entity/Q110346241,5
i-JG2iAvydYpJNXZVjZmWY2W,Q6012774,80,http://www.wikidata.org/entity/Q110346241,5
i-Ej7GqB6XDsmEuEtqUYcCNG,Q6014586,385,http://www.wikidata.org/entity/Q110346241,1
i-SrFNqYAeBNxo9vL3u7HVch,Q6014594,427,http://www.wikidata.org/entity/Q110346241,4
i-D3gZFbAoQxThi1vvRv3kca,Q6014609,427,http://www.wikidata.org/entity/Q110346241,4
i-XTgyVpAqWPjefgzQvGGcDr,Q6014618,68,http://www.wikidata.org/entity/Q110346241,3
i-FBVyR2c9ZXHBjh2ETNQb8U,Q6014635,129,http://www.wikidata.org/entity/Q110346241,4
i-4CHgViuCXDomCrd7L6f3iX,Q6015525,368,http://www.wikidata.org/entity/Q110346241,5
i-SzdiyKSunUgvLkKChTLAAH,Q6016802,130,http://www.wikidata.org/entity/Q110346241,4
i-EFSi2jUBxZRYjB1MJ7dVjA,Q6020295,369,http://www.wikidata.org/entity/Q110346241,5
i-ELsRRpWWTXoMip8x1t9rDT,Q6020589,153,http://www.wikidata.org/entity/Q110346241,1
i-NFdqatonfRsGCESVshuU5V,Q6020654,432,http://www.wikidata.org/entity/Q110346241,5
i-MEDNUE5YzqzWjdhnjNuXkY,Q6020789,68,http://www.wikidata.org/entity/Q110346241,3
i-JCxrVkvG5a5hpxXM8ceky7,Q6021068,244,http://www.wikidata.org/entity/Q110346241,5
i-Qd2kCBwtKZHR3iPgnHwScJ,Q6022436,173,http://www.wikidata.org/entity/Q110346241,2
i-3hLQHMGbrG6jmUWp9wEVyq,Q6023428,396,http://www.wikidata.org/entity/Q110346241,2
i-NiB95uYMKuEy1YLUw1VQTF,Q6023694,143,http://www.wikidata.org/entity/Q110346241,3
i-P26VDtEnoPyN655NnpmZ7H,Q6024736,397,http://www.wikidata.org/entity/Q111443541,2
i-23K7oBZqgsShoLKvyFSg9W,Q6025602,343,http://www.wikidata.org/entity/Q110346241,4
i-Mc6ZU6k7pPBL6uSsiFfayE,Q6026405,261,http://www.wikidata.org/entity/Q110346241,4
i-WP9xCizw73fm88iYaSnhyH,Q6026465,261,http://www.wikidata.org/entity/Q110346241,4
i-U4FA2v5wnx3QwGnwp78tj,Q6026501,94,http://www.wikidata.org/entity/Q110346241,2
i-P7TGK2n2dpWzSNyhKRBuZc,Q6026704,251,http://www.wikidata.org/entity/Q110346241,3
i-53uBPimisHRCQxutk9cbdp,Q6030845,174,http://www.wikidata.org/entity/Q110346241,2
i-HVG8yf9kNBC8p7xrMJWL3J,Q6030891,164,http://www.wikidata.org/entity/Q110346241,5
i-WryQL2LgJmMMwASMRy9cxP,Q6030905,263,http://www.wikidata.org/entity/Q110346241,4
i-7uuUnyJ3bq5XG4rgJmW78G,Q6032844,71,http://www.wikidata.org/entity/Q110346241,3
i-1WP7QkRyMb2CD9Uv6e3wC,Q6033160,260,http://www.wikidata.org/entity/Q110346241,1
i-VQbxrsVx9uAdAvTHPXPzK7,Q603365,78,http://www.wikidata.org/entity/Q110346241,2
i-8mtPnAbP2yaaHJEtfDSHJM,Q6034114,389,http://www.wikidata.org/entity/Q111443541,1
i-RSQWc1szic7Zoehs2zy19W,Q6039760,261,http://www.wikidata.org/entity/Q111443541,1
i-GFciWHN52vkEQDA21Ys29R,Q6039767,145,http://www.wikidata.org/entity/Q110346241,3
i-PymKQeTokkyDxxK7ZTfWuS,Q6041862,250,http://www.wikidata.org/entity/Q110346241,5
i-TFZQYjpx1wcSHA6fwttW17,Q6043167,230,http://www.wikidata.org/entity/Q110346241,2
i-PwbZFh51hsm5nW6hCSytb9,Q6043666,260,http://www.wikidata.org/entity/Q110346241,3
i-FeC3S4FAB2umGYonuK8yx9,Q6045007,72,http://www.wikidata.org/entity/Q110346241,3
i-Y9mg3sbUWHY6pDTZUpZ6sa,Q6045247,96,http://www.wikidata.org/entity/Q111443541,2
i-R97w3nuXuTMZKkdjArixv8,Q6045372,232,http://www.wikidata.org/entity/Q110346241,2
i-PdvRwv2CnUdaGgmLk1aVm8,Q6045442,264,http://www.wikidata.org/entity/Q110346241,4
i-66AVkMf87MGfMW1Z1GR2so,Q6045517,97,http://www.wikidata.org/entity/Q111443541,2
i-DrXSPzMYgVV6atUHfgBSF4,Q6045540,449,http://www.wikidata.org/entity/Q111443541,1
i-Wt3m1HejEKnwc8V2JP8jWA,Q6045804,166,http://www.wikidata.org/entity/Q110346241,5
i-H3CmSrsTRyA6EQMUTEk8D1,Q6046697,98,http://www.wikidata.org/entity/Q111443541,2
i-7xZiC6FLA6pkCy96DMokhV,Q6047015,232,http://www.wikidata.org/entity/Q111443541,2
i-GbcRcfJRZED5mcXb1FyEWF,Q6047275,88,http://www.wikidata.org/entity/Q110346241,5
i-PodqitSZdwBWKh12A7q1kG,Q6047693,162,http://www.wikidata.org/entity/Q110346241,1
i-RjULjPVLNUgXgWZm26dS24,Q6051420,262,http://www.wikidata.org/entity/Q110346241,3
i-SFnDgZN85K32PbG66Rq2SS,Q6051464,148,http://www.wikidata.org/entity/Q110346241,3
i-GaFe2NPmaDWiYp9rPVYfGL,Q6054523,233,http://www.wikidata.org/entity/Q110346241,2
i-3KTrvYeUfwgpZ5rnmnx64a,Q6054616,451,http://www.wikidata.org/entity/Q111443541,1
i-3MpAwjWDid9XkrwtsazNoj,Q6056573,178,http://www.wikidata.org/entity/Q110346241,2
i-6gHwwyb1BUBjy6CYxgXY8W,Q6060104,304,http://www.wikidata.org/entity/Q110346241,2
i-EyuGmrupfCbCjnEH6T6dVd,Q6060127,304,http://www.wikidata.org/entity/Q110346241,2
i-3U9RnYcSyZvRj3JXwbjv5k,Q6062302,265,http://www.wikidata.org/entity/Q110346241,3
i-FUHcN4Y2HY7c5xfzgU4XMe,Q6063599,74,http://www.wikidata.org/entity/Q110346241,3
i-VyMhyUWbr9DnwpFmKXqKQb,Q6066432,168,http://www.wikidata.org/entity/Q110346241,5
i-PE82t2ZM1cXUFYh6s7bmbx,Q6068280,346,http://www.wikidata.org/entity/Q110346241,4
i-W5NXhQQs9zARokZcLrbr7S,Q6068605,168,http://www.wikidata.org/entity/Q110346241,5
i-R6vAEWSu81sfemj28xck5a,Q6068634,169,http://www.wikidata.org/entity/Q110346241,5
i-8VMVm6rDXcdZ4KeTzeZfrG,Q6068925,101,http://www.wikidata.org/entity/Q111443541,2
i-4vrD7uUKECQ2mAmTWMcfVR,Q6068950,328,http://www.wikidata.org/entity/Q111443541,1
i-7WZCoVwVTaE6GTdTUNGtzh,Q6069770,434,http://www.wikidata.org/entity/Q110346241,4
i-83EAQ7QvN1Fc3DJqydUjBr,Q6070044,179,http://www.wikidata.org/entity/Q110346241,2
i-YAHRvJj7BpF7fdskwqEvTa,Q6070147,329,http://www.wikidata.org/entity/Q110346241,1
i-7wRDSRAh4fX54DqvWtAjgg,Q6071198,234,http://www.wikidata.org/entity/Q110346241,2
i-4DiKiQ99U3DPAVfKhwbpsu,Q6075255,509,http://www.wikidata.org/entity/Q110346241,4
i-FDE8vHVwQL5JtnfhZTNxMP,Q6075847,140,http://www.wikidata.org/entity/Q110346241,4
i-HrX19wSrHYwvP8xdgPDC2f,Q6078257,434,http://www.wikidata.org/entity/Q110346241,5
i-CSYUL6TKHTJUbrxfYUfcEk,Q6078640,250,http://www.wikidata.org/entity/Q110346241,5
i-9Bz6eD77dbibFG3TqSJZ4u,Q6078649,434,http://www.wikidata.org/entity/Q110346241,4
i-SeCPDgdz43GEvXP3XeMNuG,Q6079217,165,http://www.wikidata.org/entity/Q110346241,1
i-8pJuJ7cpFV75dB4vcHCzJA,Q6080191,435,http://www.wikidata.org/entity/Q110346241,4
i-JZ5BTa14FDY9xhd5dNGPEG,Q6080655,166,http://www.wikidata.org/entity/Q110346241,1
i-KTpiR3kryU8AxBjHyxgaho,Q6081130,89,http://www.wikidata.org/entity/Q110346241,5
i-5tVFbQPzDtJWJnDVSHz3TH,Q6082517,306,http://www.wikidata.org/entity/Q110346241,2
i-Vyi1Lt6SLq5SJ1WZgcsb7c,Q6083461,102,http://www.wikidata.org/entity/Q111443541,2
i-Vyi1Lt6SLq5SJ1WZgcsb7c,Q6083461,436,http://www.wikidata.org/entity/Q110346241,4
i-CXnh7E1eZgYvyPUwWW1W6h,Q6084424,435,http://www.wikidata.org/entity/Q110346241,5
i-UGGkuAbPr5c4Dj8X56ZhT2,Q6084460,266,http://www.wikidata.org/entity/Q110346241,4
i-KLpNihrAvuuXgVcL2JY7Ne,Q6084488,372,http://www.wikidata.org/entity/Q110346241,5
i-PYZRd6Mt7ggcbtN5k9MCQo,Q6085372,180,http://www.wikidata.org/entity/Q110346241,2
i-ARSF9aBhDAbqejYY3uDE6X,Q6085702,267,http://www.wikidata.org/entity/Q110346241,4
i-8cB9HzwUC3zBvWCxe32vRE,Q6086334,103,http://www.wikidata.org/entity/Q110346241,2
i-V6XeTmrd735FQL6AxrjTmc,Q6086648,348,http://www.wikidata.org/entity/Q110346241,4
i-FzbKV49jELSUZyaAAtAEsm,Q6086793,253,http://www.wikidata.org/entity/Q110346241,5
i-PsEE3VTZZXPnyW93HZcXyd,Q6088478,268,http://www.wikidata.org/entity/Q110346241,4
i-TEGAHLmzxudZmyJfcbFBM7,Q6090945,236,http://www.wikidata.org/entity/Q111443541,2
i-YE2QeSEUhXjrfJUDeHJ4w,Q6091986,268,http://www.wikidata.org/entity/Q110346241,4
i-T1HsKQRqdqJM3u8MkBZV3f,Q6093087,237,http://www.wikidata.org/entity/Q110346241,2
i-BBK91V3iny7XsSDQzrNv8o,Q6093220,436,http://www.wikidata.org/entity/Q110346241,5
i-X5EMCc1H6FYawMhSphYvEw,Q6093486,349,http://www.wikidata.org/entity/Q110346241,4
i-CBvEVpUTWYnAYiATHqHqj,Q6093946,400,http://www.wikidata.org/entity/Q110346241,2
i-9QdPzWQizWUzv1EJz5xBUH,Q6096470,453,http://www.wikidata.org/entity/Q111443541,1
i-NNhPzvjeHh32gPioNpR9c2,Q6140081,101,http://www.wikidata.org/entity/Q110346241,4
i-Pca4CVL4RjUwEPpt1RXYtv,Q6140724,331,http://www.wikidata.org/entity/Q110346241,4
i-AgGMZzru6dKoQKBAEAC9qQ,Q6149669,238,http://www.wikidata.org/entity/Q110346241,5
i-12Uee2egshc6uyv5Q4pcUM,Q6157121,79,http://www.wikidata.org/entity/Q110346241,5
i-4iVrZQ3DMuWFzzzGuRcBua,Q6157973,159,http://www.wikidata.org/entity/Q110346241,5
i-JtUfuJWavFh2EVRFXrJZTC,Q6158341,155,http://www.wikidata.org/entity/Q110346241,1
i-9mpjL7WndAk2vS1p76SEft,Q6161303,302,http://www.wikidata.org/entity/Q110346241,2
i-XR9Vp9V4Sxq1vZVV1e4d7K,Q6161425,162,http://www.wikidata.org/entity/Q111443541,1
i-QNz9Kdo9STo5KMqBdfTsFc,Q6162355,100,http://www.wikidata.org/entity/Q111443541,2
i-3MH73DLbrRLp6rCtZUN7xj,Q6166587,253,http://www.wikidata.org/entity/Q110346241,5
i-FRnebi6Me6RrLAQEkjSEQi,Q6168490,390,http://www.wikidata.org/entity/Q111443541,1
i-ABHqHPdDMU18oR56JBTLbP,Q6168498,147,http://www.wikidata.org/entity/Q110346241,4
i-99ornwsfDdeiuFqfTPvwWz,Q6169356,511,http://www.wikidata.org/entity/Q110346241,4
i-Xen7en5TVgx7rgukqPWy2e,Q6169616,103,http://www.wikidata.org/entity/Q111443541,2
i-L1psoxR2cK15WuVso4TtYJ,Q6169762,512,http://www.wikidata.org/entity/Q110346241,4
i-Xhc5fjdzqZYRf62RK1zz52,Q6170702,170,http://www.wikidata.org/entity/Q110346241,5
i-VVVbnVkWY9rNmKMwX3imz3,Q6171696,440,http://www.wikidata.org/entity/Q110346241,4
i-4DrTftKtK4bXmmTgW8zKju,Q6172122,254,http://www.wikidata.org/entity/Q110346241,5
i-FgPMLnSevim92vXDyJ4J7F,Q6172244,171,http://www.wikidata.org/entity/Q110346241,5
i-K9idtHRhn2uzrz4Vj88b5A,Q6172756,150,http://www.wikidata.org/entity/Q110346241,3
i-RLQdYFYib6TvKTg8hgkq5P,Q6175889,400,http://www.wikidata.org/entity/Q110346241,2
i-FaoUS6KQkC3yXJre1uVh4Z,Q6175938,265,http://www.wikidata.org/entity/Q110346241,1
i-7GcdbGVshxVxi1UJpygr3c,Q6177454,269,http://www.wikidata.org/entity/Q110346241,3
i-EN2Ltfa3VFVFqNbPXeanv,Q6178262,150,http://www.wikidata.org/entity/Q110346241,4
i-Varbgokz8AgbcMQAx6pehv,Q6178284,104,http://www.wikidata.org/entity/Q111443541,2
i-H5FKEeoF2BPfKFJdk5tVFa,Q6178389,183,http://www.wikidata.org/entity/Q110346241,2
i-XMH1uy2UiPxnFUVo56mQbp,Q6178395,183,http://www.wikidata.org/entity/Q110346241,2
i-A1DmMyDvHEJCw6gARxn6Ev,Q6178560,76,http://www.wikidata.org/entity/Q110346241,3
i-4oFnJqoRuFv6k4kHCER6KH,Q6178565,270,http://www.wikidata.org/entity/Q110346241,3
i-RZyVuQdrz7mYQtKANdckcL,Q6180045,76,http://www.wikidata.org/entity/Q110346241,3
i-D6eLXMZPfbqKQQaMooVp8h,Q6181761,273,http://www.wikidata.org/entity/Q110346241,3
i-ApUSkmTmSTvD6wvc5VeThD,Q6181976,77,http://www.wikidata.org/entity/Q110346241,3
i-4KxpbLfn7jxwiErJgbeRAu,Q6182556,153,http://www.wikidata.org/entity/Q110346241,4
i-D6aqZFLHgoGLzA4xpqmeuW,Q6184994,92,http://www.wikidata.org/entity/Q110346241,5
i-S2WHdpdf5rc2eHpQhXm7N2,Q6185047,312,http://www.wikidata.org/entity/Q110346241,5
i-RwPBopTzpg4A2p2sPdjgQ5,Q6186277,171,http://www.wikidata.org/entity/Q110346241,1
i-ALVd7VosM3XKaoWie25FK8,Q6186506,150,http://www.wikidata.org/entity/Q110346241,3
i-42nsZxAmXBPL61925LuncK,Q6188899,454,http://www.wikidata.org/entity/Q110346241,1
i-AGERzDgeCK5wHu4VB6sv87,Q6189790,154,http://www.wikidata.org/entity/Q110346241,4
i-DNAfxkqTemTE3xD2EYiqpa,Q6190864,401,http://www.wikidata.org/entity/Q110346241,2
i-VfVxciR7fpMAV1zzJMwG69,Q6190877,154,http://www.wikidata.org/entity/Q110346241,4
i-VfVxciR7fpMAV1zzJMwG69,Q6190877,454,http://www.wikidata.org/entity/Q111443541,1
i-CXFCZFq2nZauNUKatGNNgK,Q6191520,352,http://www.wikidata.org/entity/Q110346241,4
i-YKUZ529TLETsHHzN6nkEU2,Q6192954,268,http://www.wikidata.org/entity/Q110346241,1
i-WG3NcV4XQvNBGvUaLPwT5w,Q6193217,395,http://www.wikidata.org/entity/Q110346241,1
i-KTYUcLJdVsLQqqAu9vSsqL,Q6194416,186,http://www.wikidata.org/entity/Q110346241,2
i-2znEKaD4eMJ4P3uwZJCRrN,Q6195438,238,http://www.wikidata.org/entity/Q110346241,2
i-LU2PseUB6cegt9GsZXW6dy,Q6195850,94,http://www.wikidata.org/entity/Q110346241,5
i-6qHsERWocDMAqfBP8AYXES,Q6196107,77,http://www.wikidata.org/entity/Q110346241,3
i-JLDzN1HH3Hdr516dBpoq9x,Q6196196,514,http://www.wikidata.org/entity/Q110346241,4
i-GSjyw1eeZNrEr8Uk3Wy79K,Q6196285,269,http://www.wikidata.org/entity/Q111443541,1
i-XS7pPzaQWctPHpTUateSNr,Q6196603,441,http://www.wikidata.org/entity/Q110346241,5
i-SyUR1hcCs9SKm9Jd4RDsrB,Q6196655,442,http://www.wikidata.org/entity/Q110346241,4
i-2cpV6hJCWGQCKgBk3DdpjN,Q6198249,275,http://www.wikidata.org/entity/Q110346241,4
i-TnLNafCjX1sS3yQQ9x635t,Q6198784,311,http://www.wikidata.org/entity/Q110346241,2
i-HKim32bL65y6VoEJq4WaFg,Q6199804,110,http://www.wikidata.org/entity/Q110346241,2
i-GFuCMj1DZ5rjAYsGjF6uY8,Q6200318,402,http://www.wikidata.org/entity/Q110346241,2
i-8SgJr7Fh2wHvpiHuxKxnGo,Q6200348,152,http://www.wikidata.org/entity/Q110346241,3
i-R3YSipbwyZHfu9o884ZzWY,Q6201220,443,http://www.wikidata.org/entity/Q110346241,5
i-5yAk7ceGRtXiVEzmVLU8o3,Q6201330,354,http://www.wikidata.org/entity/Q110346241,4
i-Nj7HuGQ88mFpcSi8oRq6W7,Q6201926,175,http://www.wikidata.org/entity/Q110346241,5
i-PxBUnx5YsNh272jtXqTpma,Q6202293,178,http://www.wikidata.org/entity/Q110346241,1
i-NLt55Gvfwvazfzsd2tUdNF,Q6205904,312,http://www.wikidata.org/entity/Q110346241,2
i-NeK6yfK9UWR5UcJLNbhtMB,Q6206830,516,http://www.wikidata.org/entity/Q110346241,4
i-DgXsGKxHiy4HJ7kxaF3zW8,Q6208993,160,http://www.wikidata.org/entity/Q110346241,4
i-MMzKbCkihepBqSa2NpDrDE,Q6208999,161,http://www.wikidata.org/entity/Q110346241,4
i-4rUHY8kUMMGTLnNKHktA2E,Q6211896,261,http://www.wikidata.org/entity/Q110346241,5
i-96nBSnmqsaHst62vebU4eB,Q6213719,281,http://www.wikidata.org/entity/Q110346241,3
i-S7xhXttWmFR27Um1dWDJzh,Q6213725,281,http://www.wikidata.org/entity/Q110346241,3
i-5FU521gN8zSpeFz8GvYF6e,Q6213805,313,http://www.wikidata.org/entity/Q110346241,2
i-Fr4XrhPZzYuHPqPxEZNQXc,Q6214643,163,http://www.wikidata.org/entity/Q110346241,4
i-pangFQ8i6uLuFD8yKfkj7,Q6214748,282,http://www.wikidata.org/entity/Q110346241,3
i-JdNaSV4Ydav1Tknmim3WDs,Q6214979,459,http://www.wikidata.org/entity/Q110346241,1
i-XarQYuavFDHmkgFysBWesM,Q6215529,518,http://www.wikidata.org/entity/Q110346241,4
i-DophkK4FaHGap4dgehWsag,Q6215672,154,http://www.wikidata.org/entity/Q110346241,3
i-ACY8pQ3rqhZBZFNjZVeYJU,Q6215932,284,http://www.wikidata.org/entity/Q110346241,3
i-TG7FNMEqNgriHtpUnpX6DL,Q6216004,355,http://www.wikidata.org/entity/Q110346241,4
i-46FqegPkQdi5cifNVrkzJw,Q6216079,518,http://www.wikidata.org/entity/Q110346241,4
i-4fowtpNCx9PCJWBX7qJnyU,Q6216492,153,http://www.wikidata.org/entity/Q110346241,3
i-PXYNAanmb4rxrN5vpctctX,Q6217733,98,http://www.wikidata.org/entity/Q110346241,5
i-PBY6xTyev4UwnTAVK6VEAx,Q6218236,163,http://www.wikidata.org/entity/Q110346241,4
i-QnPwUMeUomdPsJFRydT9Gb,Q6218798,445,http://www.wikidata.org/entity/Q110346241,4
i-UHMkG3ScZLGLfbQuS9nry8,Q6219205,314,http://www.wikidata.org/entity/Q111443541,2
i-4pfhPSsHEdvXBv1ibDjcZW,Q6219889,278,http://www.wikidata.org/entity/Q110346241,4
i-DY4rh9MyNSEmq4sn42Vg5S,Q6225637,359,http://www.wikidata.org/entity/Q110346241,4
i-4NETTvMkGoue1E44edgmbR,Q6227277,402,http://www.wikidata.org/entity/Q110346241,1
i-MzbTf7mmhN8rbHKxerPa4n,Q6227559,118,http://www.wikidata.org/entity/Q110346241,2
i-SfeBzc1yg5q127ADMVhPJu,Q6228008,82,http://www.wikidata.org/entity/Q110346241,3
i-XzKN718sC7YCzfKgPU5yXN,Q6228302,177,http://www.wikidata.org/entity/Q110346241,5
i-J1D99nFVd4bpuauAGW36AE,Q6228311,278,http://www.wikidata.org/entity/Q110346241,4
i-6XgyTVWLcD33TVuaAEmYmb,Q6228340,314,http://www.wikidata.org/entity/Q110346241,5
i-LbWF2FQQUAj51jC8NsBrjo,Q6229360,279,http://www.wikidata.org/entity/Q110346241,4
i-CKB9zf1Fa9swzv75FZtCFn,Q6229559,347,http://www.wikidata.org/entity/Q110346241,2
i-U2s5QMwToNT7S33ddGUSKZ,Q6230047,447,http://www.wikidata.org/entity/Q110346241,4
i-RrnUpTUPZyqjaKCXa4Yr6Z,Q6230443,405,http://www.wikidata.org/entity/Q110346241,2
i-BMvvzzThcsBmaQw4xDgX15,Q6232255,448,http://www.wikidata.org/entity/Q110346241,4
i-TLSPKBnjbeXmcGaYHwU9T2,Q6233985,401,http://www.wikidata.org/entity/Q110346241,1
i-KZNTb9181HpqPsZkJVemar,Q6235195,401,http://www.wikidata.org/entity/Q110346241,1
i-UFp5wj75QCGQqxu6EKMEYp,Q6235736,276,http://www.wikidata.org/entity/Q111443541,1
i-2QkCpqzzWZjou1ViWLScYu,Q6236050,357,http://www.wikidata.org/entity/Q110346241,4
i-GPhiPJJyjMaN4MEFXFwkhM,Q6237369,338,http://www.wikidata.org/entity/Q110346241,1
i-FzRpmh8WLxVNu3HvPuDgvJ,Q6237483,358,http://www.wikidata.org/entity/Q110346241,4
i-SJ2MSJAfWzZWNHTdcfjRMr,Q6237552,168,http://www.wikidata.org/entity/Q110346241,4
i-VnpnD9LLy2eFTnmfGJ6qME,Q6238287,243,http://www.wikidata.org/entity/Q110346241,2
i-JrpoiPbQevPxkvsUeJ99H3,Q6240013,169,http://www.wikidata.org/entity/Q110346241,4
i-DaBwGZZ6ynJ11yQkgFkGpi,Q6240068,266,http://www.wikidata.org/entity/Q110346241,5
i-YbUb8tMKG4R5H57CaR77wg,Q6241030,449,http://www.wikidata.org/entity/Q110346241,4
i-63R9bnHmHwqhKTFCbcwW3r,Q6241544,450,http://www.wikidata.org/entity/Q110346241,4
i-3MvaWwGAEPFswCdnQqXjYX,Q6241615,174,http://www.wikidata.org/entity/Q110346241,4
i-9iEQVLNm6X7rUXvq9ydNgk,Q6241671,181,http://www.wikidata.org/entity/Q110346241,5
i-EGwQL87oCFw9QVorsYeDnJ,Q6243918,192,http://www.wikidata.org/entity/Q110346241,1
i-TCwnE27NUm8kYmKSTCsdvV,Q6245172,521,http://www.wikidata.org/entity/Q110346241,4
i-9XuHqsad9Y4ZuW7LJvmnDf,Q6245347,85,http://www.wikidata.org/entity/Q110346241,3
i-69vwQNqiBKFFohJrqCv8pG,Q6245359,289,http://www.wikidata.org/entity/Q110346241,3
i-SMYHdRiRnSUPrVxLTzkdSW,Q6245444,290,http://www.wikidata.org/entity/Q110346241,3
i-94a67izxUsoBkEgSVVeZQK,Q6246999,291,http://www.wikidata.org/entity/Q110346241,3
i-H8nf6XfDZ3vnaSoJc7JR5Q,Q6247175,156,http://www.wikidata.org/entity/Q110346241,3
i-bAkDtRbC4qwseLUQ1m5S3,Q6248172,267,http://www.wikidata.org/entity/Q110346241,5
i-F3n4JZh4qoiZP1uf3cHstr,Q6248294,380,http://www.wikidata.org/entity/Q110346241,5
i-EGQRPeKD3SD3zr2maYY9kb,Q6248361,461,http://www.wikidata.org/entity/Q111443541,1
i-Y7U8vdrdk3v5gE4R3hyuBh,Q6250579,282,http://www.wikidata.org/entity/Q110346241,4
i-8Jkb2CZ9EHEEwzcrYdMnLW,Q6255102,176,http://www.wikidata.org/entity/Q110346241,4
i-8t1d1pjJMRNbvfdj1Kusb7,Q6255141,522,http://www.wikidata.org/entity/Q110346241,4
i-uqabbii17ip4Yffh6AWwo,Q6255169,461,http://www.wikidata.org/entity/Q111443541,1
i-WVHfn5ms4sfg6o6CzXfKPv,Q6255508,292,http://www.wikidata.org/entity/Q110346241,3
i-9faG75S9uS5dwmJ9GTvda1,Q6256250,293,http://www.wikidata.org/entity/Q110346241,3
i-HsWStjVwaHz8xpf34iEcgY,Q6256634,280,http://www.wikidata.org/entity/Q111443541,1
i-Nfj8aaBEavMevGi2Ki9YJ9,Q6257423,452,http://www.wikidata.org/entity/Q110346241,4
i-6cD6WvTVt1zJkcc4t7MECm,Q6258079,121,http://www.wikidata.org/entity/Q110346241,2
i-SJDgeo7YycaCcy89m1LxY8,Q6258229,271,http://www.wikidata.org/entity/Q110346241,5
i-CiKCAULSzzNLisTT3igVjU,Q6331198,441,http://www.wikidata.org/entity/Q110346241,5
i-8avZhXpK1G1Vfd21TjUnQE,Q6331605,95,http://www.wikidata.org/entity/Q110346241,5
i-35xJbKo6VkrJQSnGvrd9Vj,Q727985,92,http://www.wikidata.org/entity/Q110346241,1
i-EJPrKn1TJ5XUBRL6LjpF78,Q93861211,259,http://www.wikidata.org/entity/Q110346241,2
i-9jmWzNfPHSQcWxQe8zYvPU,Q96097384,208,http://www.wikidata.org/entity/Q110346241,2
i-WvyEouPE8dhy8CskayBP8T,Q98393527,172,http://www.wikidata.org/entity/Q110346241,2
